<?xml version="1.0" encoding="UTF-8"?>
<beans xmlns="http://www.springframework.org/schema/beans"
	xmlns:xsi="http://www.w3.org/2001/XMLSchema-instance"
	xmlns:context="http://www.springframework.org/schema/context"
	xmlns:mybatis-spring="http://mybatis.org/schema/mybatis-spring"
	xsi:schemaLocation="http://mybatis.org/schema/mybatis-spring http://mybatis.org/schema/mybatis-spring-1.2.xsd
		http://www.springframework.org/schema/beans https://www.springframework.org/schema/beans/spring-beans.xsd
		http://www.springframework.org/schema/context http://www.springframework.org/schema/context/spring-context-4.3.xsd">
	
	<!-- Root Context: defines shared resources visible to all other web components -->
	<context:property-placeholder location="classpath:database/jdbc.properties"></context:property-placeholder>

	<!-- DI 로 spring 에게 DataSource (Connection Pool) 를 만들어 달라고 설정 xml -->
	<bean id="dataSource" class="org.apache.commons.dbcp2.BasicDataSource">
		<property name="driverClassName" value="${jdbc.driverClassName}"></property>
		<property name="url" value="${jdbc.url}"></property>
		<property name="username" value="${jdbc.username}"></property>
		<property name="password" value="${jdbc.password}"></property>

	</bean>
		
	<!-- mybatis 가 sql을 실행하고 java와 연동하는 주체인 sqlSession 객체를 관리하는 sqlSessionFactory bean 에 대한 DI -->
	<bean id="sqlSessionFactory" class="org.mybatis.spring.SqlSessionFactoryBean">
	    <property name="dataSource" ref="dataSource" />
	    <property name="configLocation" value="classpath:config/mybatis-config.xml"/>
	    <property name="mapperLocations" value="classpath:mapper/*.xml"/>
	</bean>
	
	<!-- mybatis 가 대상이 되는  dao interface 를 찾기 위한 scan 설정: @Mapper 를 찾음! -->
	<mybatis-spring:scan base-package="com.mycom.mybatis.dao" annotation="org.apache.ibatis.annotations.Mapper"/>
</beans>
