<?xml version="1.0" encoding="UTF-8"?>
<!DOCTYPE mapper PUBLIC "-//mybatis.org//DTD Mapper 3.0//EN" "http://mybatis.org/dtd/mybatis-3-mapper.dtd">
<mapper namespace="com.mycom.mybatis.dao.MybatisDao"> <!--  @Mapper annotation 있는 dao -->


	<select id="empDetail" parameterType="int" resultType="com.mycom.mybatis.dto.EmpDto">
		select employeeId, first_name, last_name, email, hiredate
		  from emp
		 where employeeId = #{employeeId} 
	</select>

	<!-- dto List 등 목록을 리턴하는 경우는 상세를 리턴하는 것과 동일하게 dto 타입을 사용 -->
	<select id="empList" resultType="com.mycom.mybatis.dto.EmpDto">
		select employeeId, first_name, last_name, email, hiredate
		  from emp
	</select>

	<insert id="empInsert" parameterType="com.mycom.mybatis.dto.EmpDto" >
		insert into emp (employeeId, first_name, last_name, email, hiredate )
		values ( #{employeeId}, #{firstName}, #{lastName}, #{email}, now()  )
	</insert>


	<update id="empUpdate" parameterType="com.mycom.mybatis.dto.EmpDto" >
		update emp
		   set first_name = #{firstName}
		      ,last_name = #{lastName}
		      ,email = #{email}
		      ,hiredate = #{hireDate} <!--  hireDate 의 D는 대문자를 써야함 -->
		 where employeeId = #{employeeId}  	
	</update>
	
	<delete id="empDelete" >
		delete from emp where employeeId = #{employeeId}
	</delete>
	
	
</mapper>
