<?xml version="1.0" encoding="UTF-8"?>
<!DOCTYPE mapper PUBLIC "-//mybatis.org//DTD Mapper 3.0//EN" "http://mybatis.org/dtd/mybatis-3-mapper.dtd">
<mapper namespace="com.mycom.mybatis.dao.MybatisDao"> <!--  @Mapper annotation 있는 dao -->


	<select id="empDetail" parameterType="int" resultType="com.mycom.mybatis.dto.EmpDto">
		select employeeId, first_name, last_name, email, hiredate
		  from emp
		 where employeeId = #{employeeId} 
	</select>

	<!-- dto List 등 목록을 리턴하는 경우는 상세를 리턴하는 것과 동일하게 dto 타입을 사용 -->
	<select id="empList" resultType="com.mycom.mybatis.dto.EmpDto">
		select employeeId, first_name, last_name, email, hiredate
		  from emp
	</select>

	<insert id="empInsert" parameterType="com.mycom.mybatis.dto.EmpDto" >
		insert into emp (employeeId, first_name, last_name, email, hiredate )
		values ( #{employeeId}, #{firstName}, #{lastName}, #{email}, now()  )
	</insert>


	<update id="empUpdate" parameterType="com.mycom.mybatis.dto.EmpDto" >
		update emp
		   set first_name = #{firstName}
		      ,last_name = #{lastName}
		      ,email = #{email}
		      ,hiredate = #{hireDate} <!--  hireDate 의 D는 대문자를 써야함 -->
		 where employeeId = #{employeeId}  	
	</update>
	
	<delete id="empDelete" >
		delete from emp where employeeId = #{employeeId}
	</delete>
	
	
	<select id="empListParameterMap" parameterType="map" resultType="com.mycom.mybatis.dto.EmpDto" >
			select employeeId, first_name, last_name, email, hiredate
			  from emp
			where first_name = #{firstName}
			  and last_name = #{lastName}
	</select>
	
	
	<select id="empListParameterMap2" parameterType="map" resultType="com.mycom.mybatis.dto.EmpDto" >
			select employeeId, first_name, last_name, email, hiredate
			  from emp
			where first_name = #{firstName}
			  and last_name = #{lastName}
	</select>
	
<!-- 	<select id="empListParameterMap3" parameterType="map" resultType="com.mycom.mybatis.dto.EmpDto" > -->
<!-- 			select employeeId, first_name, last_name, email, hiredate -->
<!-- 			  from emp -->
<!-- 			where first_name = #{firstName} -->
<!-- 			  and last_name = #{lastName} -->
<!-- 	</select> -->
		
<!-- resultMap 사용 -->
    <select id="empListParameterMap3" parameterType="map" resultMap="empMap">
        select employeeId, first_name, last_name, email, hireDate
        from emp
        where first_name = #{firstName} and last_name = #{lastName}
    </select>
    
    <resultMap id="empMap" type="com.mycom.mybatis.dto.EmpDto">
        <result property="employeeId" column="employeeId" />
        <result property="firstName" column="first_name" />
        <result property="lastName" column="last_name" />
        <result property="email" column="email" />
        <result property="hireDate" column="hiredate" />
    </resultMap>
	
    <select id="empListLike" parameterType="String" resultMap="empMap">
        select employeeId, first_name, last_name, email, hireDate
        from emp
        where first_name like concat( '%' ,  #{firstName} , '%' ) 
    </select>
	
</mapper>
