<?xml version="1.0" encoding="UTF-8"?>
<beans:beans xmlns="http://www.springframework.org/schema/mvc"
	xmlns:xsi="http://www.w3.org/2001/XMLSchema-instance"
	xmlns:beans="http://www.springframework.org/schema/beans"
	xmlns:context="http://www.springframework.org/schema/context"
	xsi:schemaLocation="http://www.springframework.org/schema/mvc https://www.springframework.org/schema/mvc/spring-mvc.xsd
		http://www.springframework.org/schema/beans https://www.springframework.org/schema/beans/spring-beans.xsd
		http://www.springframework.org/schema/context https://www.springframework.org/schema/context/spring-context.xsd">

	<!-- DispatcherServlet Context: defines this servlet's request-processing infrastructure -->
	
	<!-- Enables the Spring MVC @Controller programming model -->
	<annotation-driven />

	<!-- Handles HTTP GET requests for /resources/** by efficiently serving up static resources in the ${webappRoot}/resources directory -->
	<resources mapping="/resources/**" location="/resources/" />

	<!-- Resolves views selected for rendering by @Controllers to .jsp resources in the /WEB-INF/views directory -->
	<beans:bean class="org.springframework.web.servlet.view.InternalResourceViewResolver">
		<beans:property name="prefix" value="/WEB-INF/views/" />
		<beans:property name="suffix" value=".jsp" />
	</beans:bean>
	
	<context:component-scan base-package="com.mycom.myboard.controller, com.mycom.myboard.common, com.mycom.myboard.config" />
	
	<!-- multipart request 처리를 위해 필요 -->
	<beans:bean id="multipartResolver" class="org.springframework.web.multipart.commons.CommonsMultipartResolver">
	    <beans:property name="maxUploadSize" value="10485760" />
	</beans:bean>
	
	
	<!-- 	component 중에서 interceptor implements 하는 것 찾음 -->
	<interceptors>
<!-- 		여러 개의 interceptor 를 지정 -->
<!-- 		어느 interceptor 에 어떤 url mapping 을 적용 -->
		<interceptor>
			<mapping path="/**"></mapping> <!-- 모든  url 에 적용 -->
			<exclude-mapping path="/login/**"/>
			<exclude-mapping path="/register/**"/>
			<exclude-mapping path="/resources/**"/>		
			<beans:ref bean="loginInterceptor"/>
		</interceptor>
	</interceptors>
	
	
</beans:beans>
