<?xml version="1.0" encoding="UTF-8"?>
<!DOCTYPE mapper PUBLIC "-//mybatis.org//DTD Mapper 3.0//EN" "http://mybatis.org/dtd/mybatis-3-mapper.dtd">
<mapper namespace="com.mycom.hw.dao.UserDao"> <!--  @Mapper annotation 있는 dao -->


	
	<select id="userDetail" parameterType="String" resultType="com.mycom.hw.dto.UserDto">
		select id, password, name, email, age
		  from user
		 where id = #{id} 
	</select>

	<!-- dto List 등 목록을 리턴하는 경우는 상세를 리턴하는 것과 동일하게 dto 타입을 사용 -->
	<select id="userList" resultType="com.mycom.hw.dto.UserDto">
		select id, password, name, email, age
		  from user
	</select>

	<insert id="userInsert" parameterType="com.mycom.hw.dto.UserDto" >
		insert into user ( id, password, name, email, age )
		values ( #{id}, #{password}, #{name}, #{email}, ${age}  )
	</insert>


	<update id="userUpdate" parameterType="com.mycom.hw.dto.UserDto" >
		update user
		   set password = #{password}
		      ,name = #{name}
		      ,email = #{email}
		      ,age = #{age} 
		 where id = #{id}  	
	</update>
	
	<delete id="userDelete" >
		delete from user where id = #{id}
	</delete>
	
	
	
	
	
</mapper>
